-- MySQL dump 10.13  Distrib 8.0.33, for Win64 (x86_64)
--
-- Host: localhost    Database: uptask
-- ------------------------------------------------------
-- Server version	8.0.31

/*!40101 SET @OLD_CHARACTER_SET_CLIENT=@@CHARACTER_SET_CLIENT */;
/*!40101 SET @OLD_CHARACTER_SET_RESULTS=@@CHARACTER_SET_RESULTS */;
/*!40101 SET @OLD_COLLATION_CONNECTION=@@COLLATION_CONNECTION */;
/*!50503 SET NAMES utf8 */;
/*!40103 SET @OLD_TIME_ZONE=@@TIME_ZONE */;
/*!40103 SET TIME_ZONE='+00:00' */;
/*!40014 SET @OLD_UNIQUE_CHECKS=@@UNIQUE_CHECKS, UNIQUE_CHECKS=0 */;
/*!40014 SET @OLD_FOREIGN_KEY_CHECKS=@@FOREIGN_KEY_CHECKS, FOREIGN_KEY_CHECKS=0 */;
/*!40101 SET @OLD_SQL_MODE=@@SQL_MODE, SQL_MODE='NO_AUTO_VALUE_ON_ZERO' */;
/*!40111 SET @OLD_SQL_NOTES=@@SQL_NOTES, SQL_NOTES=0 */;

--
-- Table structure for table `proyectos`
--

DROP TABLE IF EXISTS `proyectos`;
/*!40101 SET @saved_cs_client     = @@character_set_client */;
/*!50503 SET character_set_client = utf8mb4 */;
CREATE TABLE `proyectos` (
  `id` int NOT NULL AUTO_INCREMENT,
  `proyecto` varchar(60) COLLATE utf8mb4_unicode_ci DEFAULT NULL,
  `url` varchar(32) COLLATE utf8mb4_unicode_ci DEFAULT NULL,
  `propietarioId` int DEFAULT NULL,
  PRIMARY KEY (`id`),
  KEY `propietarioId` (`propietarioId`),
  CONSTRAINT `proyectos_ibfk_1` FOREIGN KEY (`propietarioId`) REFERENCES `usuarios` (`id`) ON DELETE SET NULL ON UPDATE SET NULL
) ENGINE=InnoDB AUTO_INCREMENT=5 DEFAULT CHARSET=utf8mb4 COLLATE=utf8mb4_unicode_ci;
/*!40101 SET character_set_client = @saved_cs_client */;

--
-- Dumping data for table `proyectos`
--

LOCK TABLES `proyectos` WRITE;
/*!40000 ALTER TABLE `proyectos` DISABLE KEYS */;
INSERT INTO `proyectos` VALUES (1,' Tienda Virtual','2d18f724d47b372a7bf5650db9726df8',4),(2,' Control de biblioteca en Java','d967be2d35f0ff244dfd6917894a21d7',4),(3,' Diseñar Landing Page','589089be3bdb26a28be09bb222af3bde',4),(4,' Curso Web','51b86322e5eaecea323a0369f5d4b22a',4);
/*!40000 ALTER TABLE `proyectos` ENABLE KEYS */;
UNLOCK TABLES;

--
-- Table structure for table `tareas`
--

DROP TABLE IF EXISTS `tareas`;
/*!40101 SET @saved_cs_client     = @@character_set_client */;
/*!50503 SET character_set_client = utf8mb4 */;
CREATE TABLE `tareas` (
  `id` int NOT NULL AUTO_INCREMENT,
  `nombre` varchar(60) COLLATE utf8mb4_unicode_ci DEFAULT NULL,
  `estado` tinyint(1) DEFAULT NULL,
  `proyectoId` int DEFAULT NULL,
  PRIMARY KEY (`id`),
  KEY `proyectoId` (`proyectoId`),
  CONSTRAINT `tareas_ibfk_1` FOREIGN KEY (`proyectoId`) REFERENCES `proyectos` (`id`) ON DELETE SET NULL ON UPDATE SET NULL
) ENGINE=InnoDB AUTO_INCREMENT=29 DEFAULT CHARSET=utf8mb4 COLLATE=utf8mb4_unicode_ci;
/*!40101 SET character_set_client = @saved_cs_client */;

--
-- Dumping data for table `tareas`
--

LOCK TABLES `tareas` WRITE;
/*!40000 ALTER TABLE `tareas` DISABLE KEYS */;
INSERT INTO `tareas` VALUES (2,'Crear Mockups',1,3),(3,'Investigar Hostings',0,3),(4,'Aprender Spring',1,2),(5,'Crear Diagrama de Clases',0,2),(6,'Diseñar Interfaz de Usuario',1,2),(7,'Diseñar la Interfaz de Usuario',1,1),(8,'Investigar Hostings',0,1),(9,'Definir Requerimientos',0,2),(10,'Definir los Requerimientos',1,1),(11,'Configurar Plugins de WordPress para Seguridad',0,1),(12,'Configurar Backup',1,1),(13,'Configurar Cuenta de PayPal',1,1),(22,'Diseñar versión mobile',0,3),(23,'Aprender Curso de SASS',1,1),(24,'Aprender SASS',0,3);
/*!40000 ALTER TABLE `tareas` ENABLE KEYS */;
UNLOCK TABLES;

--
-- Table structure for table `usuarios`
--

DROP TABLE IF EXISTS `usuarios`;
/*!40101 SET @saved_cs_client     = @@character_set_client */;
/*!50503 SET character_set_client = utf8mb4 */;
CREATE TABLE `usuarios` (
  `id` int NOT NULL AUTO_INCREMENT,
  `nombre` varchar(30) COLLATE utf8mb4_unicode_ci DEFAULT NULL,
  `email` varchar(30) COLLATE utf8mb4_unicode_ci DEFAULT NULL,
  `password` varchar(60) COLLATE utf8mb4_unicode_ci DEFAULT NULL,
  `token` varchar(32) CHARACTER SET utf8mb4 COLLATE utf8mb4_unicode_ci DEFAULT NULL,
  `confirmado` tinyint(1) DEFAULT NULL,
  PRIMARY KEY (`id`)
) ENGINE=InnoDB AUTO_INCREMENT=6 DEFAULT CHARSET=utf8mb4 COLLATE=utf8mb4_unicode_ci;
/*!40101 SET character_set_client = @saved_cs_client */;

--
-- Dumping data for table `usuarios`
--

LOCK TABLES `usuarios` WRITE;
/*!40000 ALTER TABLE `usuarios` DISABLE KEYS */;
INSERT INTO `usuarios` VALUES (4,' Oswaldo Chan','correo@correo.com','$2y$10$Qem7Z4Jy/jTFuuP75TkZw.hE3jm9LuioMJQ7SSymAJSvwIiACcWw.','',1),(5,' Juan','correo2@correo.com','$2y$10$JaVi6GxdFVKdLQ5F8th.Eu4Fq55arq8yDiSKDMP9xtm2sphFuibLy','',1);
/*!40000 ALTER TABLE `usuarios` ENABLE KEYS */;
UNLOCK TABLES;
/*!40103 SET TIME_ZONE=@OLD_TIME_ZONE */;

/*!40101 SET SQL_MODE=@OLD_SQL_MODE */;
/*!40014 SET FOREIGN_KEY_CHECKS=@OLD_FOREIGN_KEY_CHECKS */;
/*!40014 SET UNIQUE_CHECKS=@OLD_UNIQUE_CHECKS */;
/*!40101 SET CHARACTER_SET_CLIENT=@OLD_CHARACTER_SET_CLIENT */;
/*!40101 SET CHARACTER_SET_RESULTS=@OLD_CHARACTER_SET_RESULTS */;
/*!40101 SET COLLATION_CONNECTION=@OLD_COLLATION_CONNECTION */;
/*!40111 SET SQL_NOTES=@OLD_SQL_NOTES */;

-- Dump completed on 2023-06-30  4:08:32
